ts,label,ms
2025-08-15T04:51:04+00:00,audit:DriftDetection,0.007
2025-08-15T06:04:26+00:00,remediation:ConfigBackup,275.176
2025-08-15T06:04:26+00:00,audit:DriftDetection,110.071
2025-08-15T06:21:20+00:00,remediation:ConfigBackup,275.161
2025-08-15T06:21:20+00:00,audit:DriftDetection,110.063
2025-08-15T06:21:20+00:00,services_phase,387.066
2025-08-15T06:24:16+00:00,remediation:ConfigBackup,274.615
2025-08-15T06:24:16+00:00,audit:DriftDetection,109.258
2025-08-15T06:24:16+00:00,services_phase,385.674
2025-08-15T09:47:43+00:00,remediation:ConfigBackup,275.183
2025-08-15T09:47:44+00:00,audit:DriftDetection,110.058
2025-08-15T09:47:44+00:00,services_phase,386.842
2025-08-15T10:03:03+00:00,remediation:ConfigBackup,274.480
2025-08-15T10:03:04+00:00,audit:DriftDetection,110.067
2025-08-15T10:03:04+00:00,services_phase,387.240
2025-08-15T10:09:53+00:00,remediation:ConfigBackup,275.180
2025-08-15T10:09:53+00:00,audit:DriftDetection,110.066
2025-08-15T10:09:53+00:00,services_phase,387.568
2025-08-15T10:17:20+00:00,remediation:ConfigBackup,275.202
2025-08-15T10:17:20+00:00,audit:DriftDetection,110.056
2025-08-15T10:17:20+00:00,services_phase,387.396
